[
  {
    "inputs": [
      {
        "internalType": "uint256",
        "name": "_class",
        "type": "uint256"
      }
    ],
    "name": "base_per_class",
    "outputs": [
      {
        "internalType": "uint256",
        "name": "base",
        "type": "uint256"
      }
    ],
    "stateMutability": "pure",
    "type": "function"
  },
  {
    "inputs": [
      {
        "internalType": "uint256",
        "name": "_class",
        "type": "uint256"
      },
      {
        "internalType": "uint8[36]",
        "name": "_skills",
        "type": "uint8[36]"
      }
    ],
    "name": "calculate_points_for_set",
    "outputs": [
      {
        "internalType": "uint256",
        "name": "points",
        "type": "uint256"
      }
    ],
    "stateMutability": "pure",
    "type": "function"
  },
  {
    "inputs": [
      {
        "internalType": "uint256",
        "name": "_class",
        "type": "uint256"
      }
    ],
    "name": "class_skills",
    "outputs": [
      {
        "internalType": "bool[36]",
        "name": "_skills",
        "type": "bool[36]"
      }
    ],
    "stateMutability": "pure",
    "type": "function"
  },
  {
    "inputs": [
      {
        "internalType": "uint256",
        "name": "_class",
        "type": "uint256"
      }
    ],
    "name": "class_skills_by_name",
    "outputs": [
      {
        "internalType": "string[]",
        "name": "",
        "type": "string[]"
      }
    ],
    "stateMutability": "view",
    "type": "function"
  },
  {
    "inputs": [
      {
        "internalType": "uint256",
        "name": "_summoner",
        "type": "uint256"
      }
    ],
    "name": "get_skills",
    "outputs": [
      {
        "internalType": "uint8[36]",
        "name": "",
        "type": "uint8[36]"
      }
    ],
    "stateMutability": "view",
    "type": "function"
  },
  {
    "inputs": [
      {
        "internalType": "uint256",
        "name": "_summoner",
        "type": "uint256"
      },
      {
        "internalType": "uint8[36]",
        "name": "_skills",
        "type": "uint8[36]"
      }
    ],
    "name": "is_valid_set",
    "outputs": [
      {
        "internalType": "bool",
        "name": "",
        "type": "bool"
      }
    ],
    "stateMutability": "view",
    "type": "function"
  },
  {
    "inputs": [
      {
        "internalType": "uint256",
        "name": "_attribute",
        "type": "uint256"
      }
    ],
    "name": "modifier_for_attribute",
    "outputs": [
      {
        "internalType": "int256",
        "name": "_modifier",
        "type": "int256"
      }
    ],
    "stateMutability": "pure",
    "type": "function"
  },
  {
    "inputs": [
      {
        "internalType": "uint256",
        "name": "_summoner",
        "type": "uint256"
      },
      {
        "internalType": "uint8[36]",
        "name": "_skills",
        "type": "uint8[36]"
      }
    ],
    "name": "set_skills",
    "outputs": [],
    "stateMutability": "nonpayable",
    "type": "function"
  },
  {
    "inputs": [
      {
        "internalType": "uint256",
        "name": "",
        "type": "uint256"
      },
      {
        "internalType": "uint256",
        "name": "",
        "type": "uint256"
      }
    ],
    "name": "skills",
    "outputs": [
      {
        "internalType": "uint8",
        "name": "",
        "type": "uint8"
      }
    ],
    "stateMutability": "view",
    "type": "function"
  },
  {
    "inputs": [
      {
        "internalType": "int256",
        "name": "_int",
        "type": "int256"
      },
      {
        "internalType": "uint256",
        "name": "_class",
        "type": "uint256"
      },
      {
        "internalType": "uint256",
        "name": "_level",
        "type": "uint256"
      }
    ],
    "name": "skills_per_level",
    "outputs": [
      {
        "internalType": "uint256",
        "name": "points",
        "type": "uint256"
      }
    ],
    "stateMutability": "pure",
    "type": "function"
  }
]